id,texte,categorie,mots_cles_detectes,confidence
1,"FACTURE N°2025-001\nDate: 15/01/2026\nClient: Entreprise ABC\nSIRET: 12345678900012\nMontant HT: 1500,00€\nTVA 20%: 300,00€\nMontant TTC: 1800,00€\nNet à payer: 1800,00€\nIBAN: FR76XXXXXXXXXXXXXXX\nBIC: XXXXXXXX\nDate d'échéance: 30/01/2026","FACTURE","facture,montant ht,tva,montant ttc,net à payer,iban,bic,date d'échéance,siret",0.95
2,"TICKET DE CAISSE\nMagasin: Supermarché XYZ\nDate: 16/01/2026 14:30\nArticles:\n- Lait 1L: 1,20€\n- Pain: 0,90€\n- Pommes 1kg: 2,50€\nTotal TTC: 4,60€\nMoyen de paiement: Carte bancaire\nMerci de votre visite !","RECU","ticket de caisse,total ttc,carte bancaire,merci de votre visite",0.92
3,"CONTRAT DE TRAVAIL\nEntre les soussignés:\n- Société DEF (SIRET: 98765432100045)\n- M. Jean Dupont\nIl a été convenu ce qui suit:\nArticle 1: Objet du contrat\nArticle 2: Durée et période d'essai\nFait à Paris le 10 janvier 2026\nSignatures des parties","CONTRAT","contrat,entre les soussignés,il a été convenu,article 1,signature,parties,fait à",0.98
4,"BON DE COMMANDE N°BC-2026-045\nDate: 17/01/2026\nRéférence client: CLT-789\nAdresse de livraison:\n15 rue des Lilas, 75001 Paris\nMode d'expédition: Livraison standard\nArticles commandés:\n- 2x Produit A\n- 1x Produit B\nNombre de colis: 1","BON_COMMANDE","bon de commande,référence client,adresse de livraison,mode d'expédition,colis",0.90
5,"ATTESTATION DE DOMICILE\nDélivrée par la Mairie de Paris\nDate: 18/01/2026\nJe soussigné, Maire de Paris, certifie que M. Pierre Martin réside bien au 20 rue de la République, 75002 Paris depuis le 01/06/2025.\nCette attestation est valable 3 mois.\nCachet de la mairie","ADMINISTRATIF","attestation,certificat,mairie,justificatif de domicile",0.88
6,"RAPPORT TRIMESTRIEL Q4 2025\nSommaire:\n1. Introduction\n2. Analyse technique des résultats\n3. Synthèse des performances\n4. Conclusion et perspectives\nIntroduction:\nCe rapport présente l'analyse détaillée des performances du quatrième trimestre...\nConclusion:\nLes résultats sont conformes aux attentes avec une croissance de 15%.","RAPPORT","rapport annuel,analyse technique,sommaire,introduction,synthèse,conclusion",0.93
7,"CURRICULUM VITAE\nJean Dupont\nEmail: jean.dupont@email.com\nTéléphone: 01 23 45 67 89\n\nPROFIL PROFESSIONNEL\nDéveloppeur full-stack avec 5 ans d'expérience\n\nFORMATIONS\n- Master Informatique, Université Paris-Saclay (2020)\n- Licence Mathématiques, Sorbonne Université (2018)\n\nEXPÉRIENCES PROFESSIONNELLES\n- Développeur senior, Tech Company (2022-2026)\n- Stage ingénieur, Startup Innovante (2020)\n\nCOMPÉTENCES\n- Langages: Python, JavaScript, Java\n- Langues: Français (natif), Anglais (courant)","CV_LETTRE","curriculum vitae,profil professionnel,expériences professionnelles,formation,compétences,langues,email,téléphone,stage,emploi,université,diplôme",0.97
8,"THÈSE DE DOCTORAT\nTitre: 'Impact du changement climatique sur la biodiversité marine'\nAuteur: Dr. Marie Laurent\nUniversité: Sorbonne Université\nFaculté des Sciences\nDate de soutenance: 12 décembre 2025\nRésumé:\nCette recherche académique présente une analyse approfondie des données collectées sur 10 ans...\nMots-clés: climat, biodiversité, océanographie, recherche scientifique","ACADEMIQUE","thèse,université,faculté,étudiant,académique,recherche,publication",0.94
9,"JUGEMENT DU TRIBUNAL DE COMMERCE\nAffaire N°TCL-2026-001\nParties:\n- Demanderesse: Société GHI\n- Défenderesse: SARL JKL\nDécision rendue par le tribunal le 19 janvier 2026\nVu le code civil articles 1101 et suivants\nVu l'ordonnance du 15 novembre 2025\nIl est statué comme suit:\nArticle 1: La société JKL est condamnée à payer la somme de 50 000€\nMe Martin, avocat de la partie demanderesse, a plaidé...\nHuissier: Étude Dubois","JURIDIQUE","jugement,tribunal,avocat,huissier,juridique,code civil,ordonnance,acte notarié",0.91
10,"DIAGRAMME D'ARCHITECTURE SYSTÈME\nModule: Backend API\nSchéma:\n[Client] → [API Gateway] → [Microservices] → [Base de données]\nWorkflow:\n1. L'utilisateur envoie une requête\n2. API Gateway route la requête\n3. Microservice traite la logique métier\n4. Données stockées en base\nInterfaces:\n- REST API pour frontend web\n- GraphQL pour mobile\nTechnologies:\n- Node.js backend\n- React frontend\n- PostgreSQL database","DIAGRAMME","architecture,schema,schéma,diagramme,workflow,backend,frontend,interface,base de données,database,utilisateur,api,technique,module",0.89
11,"FACTURE N°2026-002\nDate: 20/01/2026\nClient: SARL Dubois & Associés\nSIRET: 45678901234567\nMontant HT: 2350,00€\nTVA 20%: 470,00€\nMontant TTC: 2820,00€\nNet à payer: 2820,00€\nIBAN: FR82XXXXXXXXXXXXXXX\nBIC: ZZZZZZZZ\nDate d'échéance: 05/02/2026","FACTURE","facture,siret,montant ht,tva,montant ttc,iban,bic,date d'échéance",0.96
12,"TICKET DE CAISSE\nMagasin: Pharmacie Centrale\nDate: 21/01/2026 10:45\nArticles:\n- Paracétamol 10 comprimés: 2,80€\n- Vitamine C: 4,50€\n- Pansements: 3,20€\nTotal TTC: 10,50€\nMoyen de paiement: Carte bancaire\nMerci pour votre confiance !","RECU","ticket de caisse,pharmacie,articles,total ttc,carte bancaire",0.93
13,"CONTRAT DE LOCATION\nEntre les soussignés:\n- Propriétaire: Mme Claire Moreau\n- Locataire: M. Antoine Petit\nObjet: Location d'appartement\nAdresse: 25 rue des Roses, 75008 Paris\nDurée: 3 ans à compter du 01/02/2026\nLoyer mensuel: 1200,00€\nDépôt de garantie: 2400,00€\nFait à Paris le 15 janvier 2026","CONTRAT","contrat de location,propriétaire,locataire,objet,adresse,durée,loyer,dépôt de garantie,fait à",0.97
14,"BON DE COMMANDE N°BC-2026-046\nDate: 22/01/2026\nRéférence client: CLT-456\nAdresse de livraison:\n42 avenue des Champs-Élysées, 75008 Paris\nMode d'expédition: Express 24h\nArticles commandés:\n- 1x Ordinateur portable\n- 1x Imprimante\n- 1x Cartouche d'encre\nNombre de colis: 2","BON_COMMANDE","bon de commande,référence client,adresse de livraison,mode d'expédition,articles,colis",0.91
15,"CERTIFICAT DE TRAVAIL\nDélivré par l'entreprise Tech Solutions\nDate: 23/01/2026\nJe soussigné, Directeur des Ressources Humaines, certifie que M. Lucas Bernard a travaillé dans notre entreprise du 01/03/2023 au 15/01/2026 en qualité de développeur web.\nCachet de l'entreprise et signature","ADMINISTRATIF","certificat de travail,entreprise,date,directeur des ressources humaines,qualité,cachet,signature",0.89
16,"RAPPORT D'ACTIVITÉ ANNUEL 2025\nSynthèse des réalisations:\n- Lancement de 3 nouveaux produits\n- Croissance du chiffre d'affaires de 18%\n- Expansion sur le marché européen\nObjectifs 2026:\n- Pénétration du marché asiatique\n- Développement durable\n- Innovation continue\nPerspectives très positives","RAPPORT","rapport annuel,synthèse,réalisations,croissance,chiffre d'affaires,objectifs,perspectives",0.94
17,"LETTRE DE RECOMMANDATION\nÀ l'attention des futurs employeurs\nJe soussigné, Directeur Général de Innovatech SA, recommande chaleureusement Mme Sarah Martin qui a travaillé chez nous pendant 4 ans en tant que chef de projet.\nSes compétences en leadership et gestion de budget sont exceptionnelles.\nJe la recommande sans réserve.\nFait à Lyon le 20 janvier 2026","CV_LETTRE","lettre de recommandation,directeur général,compétences,leadership,gestion de budget,recommande sans réserve,fait à",0.95
18,"MÉMOIRE DE FIN D'ÉTUDES\nTitre: 'Stratégies de marketing digital pour les PME'\nAuteur: Antoine Leroy\nÉcole: HEC Paris\nNote: 16/20\nDate de soutenance: 15 décembre 2025\nEncadrant: Prof. Marc Dubois\nRésumé: Ce mémoire analyse l'efficacité des différentes stratégies de marketing digital adaptées aux petites et moyennes entreprises...","ACADEMIQUE","mémoire,fin d'études,titre,auteur,école,note,soutenance,encadrant,résumé",0.93
19,"ACTE DE VENTE\nEntre:\n- Vendeur: M. Philippe Moreau\n- Acheteur: SARL ImmoExpert\nObjet: Vente d'un terrain\nLocalisation: 5 hectares à Saint-Tropez\nPrix de vente: 450 000€\nDate de signature: 24 janvier 2026\nNotaire: Maître Jean Dupont\nCachet et signatures des parties","JURIDIQUE","acte de vente,vendeur,acheteur,objet,localisation,prix de vente,date de signature,notaire,cachet,signatures",0.92
20,"SCHÉMA RÉSEAU\nType: Topologie étoile\nÉquipements:\n- 1x Routeur principal\n- 5x Switchs de distribution\n- 50x Postes clients\nAdressage IP:\n- Plage 192.168.1.0/24\n- passerelle 192.168.1.1\nSécurité:\n- Pare-feu configuré\n- VLANs séparés\n- Chiffrement WPA3","DIAGRAMME","schéma réseau,topologie étoile,équipements,routeur,switchs,postes clients,adressage ip,passerelle,sécurité,pare-feu,vlans,chiffrement",0.90
21,"FACTURE N°2026-003\nDate: 25/01/2026\nClient: SAS TechnoPlus\nSIRET: 56789012345678\nMontant HT: 3750,00€\nTVA 20%: 750,00€\nMontant TTC: 4500,00€\nNet à payer: 4500,00€\nIBAN: FR83XXXXXXXXXXXXXXX\nBIC: AAAAAAAA\nDate d'échéance: 10/02/2026","FACTURE","facture,siret,montant ht,tva,montant ttc,net à payer,iban,bic,date d'échéance",0.97
22,"TICKET DE CAISSE\nMagasin: Brico Dépôt\nDate: 26/01/2026 16:20\nArticles:\n- Peinture murale 5L: 28,50€\n- Pinceaux set: 12,80€\n- Ruban adhésif: 3,90€\nTotal TTC: 45,20€\nMoyen de paiement: Carte bancaire\nMerci de votre achat !","RECU","ticket de caisse,magasin,articles,total ttc,carte bancaire,merci",0.94
23,"CONTRAT DE PRESTATION\nEntre:\n- Client: Association Sportive\n- Prestataire: Agence Evénementielle Pro\nObjet: Organisation d'un tournoi sportif\nDate: 15 mars 2026\nLieu: Stade Municipal\nBudget: 8000€ HT\nModalités: 30% à la signature, 70% le jour de l'événement\nFait à Marseille le 22 janvier 2026","CONTRAT","contrat de prestation,client,prestataire,objet,date,lieu,budget,modalités,fait à",0.96
24,"BON DE COMMANDE N°BC-2026-047\nDate: 27/01/2026\nRéférence client: CLT-123\nAdresse de livraison:\n8 rue de la Paix, 75002 Paris\nMode d'expédition: Retrait en magasin\nArticles commandés:\n- 10x T-shirts personnalisés\n- 5x Casquettes\nNombre de colis: 1","BON_COMMANDE","bon de commande,référence client,adresse de livraison,mode d'expédition,articles personnalisés,colis",0.89
25,"ATTESTATION D'ASSURANCE\nDélivrée par Assurance Pro\nDate: 28/01/2026\nNuméro de police: POL-2026-789\nAssuré: SARL Restaurant du Centre\nObjet: Assurance responsabilité civile professionnelle\nCouverture: 1 000 000€\nValidité: du 01/02/2026 au 31/01/2027\nCachet et signature","ADMINISTRATIF","attestation d'assurance,numéro de police,assuré,objet,couverture,validité,cachet,signature",0.91
26,"RAPPORT FINANCIER SEMESTRIEL\nPériode: Janvier-Juin 2025\nChiffre d'affaires: 1 250 000€\nRésultat d'exploitation: 180 000€\nTrésorerie: 350 000€\nInvestissements réalisés: 120 000€\nAnalyse: Croissance stable malgré contexte économique difficile\nPrévisions second semestre: hausse de 8%","RAPPORT","rapport financier,semestriel,chiffre d'affaires,résultat d'exploitation,trésorerie,investissements,analyse,prévisions",0.95
27,"LETTRE DE DÉMISSION\nÀ l'attention de Monsieur le Directeur\nSociété: Enterprise Solutions\nObjet: Ma démission\nMadame, Monsieur,\nJe vous informe par la présente de ma décision de quitter l'entreprise à compter du 15 mars 2026.\nJe reste à votre disposition pour assurer une transition efficace.\nJe vous remercie pour la confiance accordée et les opportunités offertes.\nCordialement,\nThomas Martin","CV_LETTRE","lettre de démission,directeur,décision,quitter l'entreprise,date,transition,confiance,opportunités,cordialement",0.93
28,"ARTICLE DE RECHERCHE\nTitre: 'Nouvelles approches en intelligence artificielle'\nAuteurs: Dr. Claire Dubois, Dr. Marc Martin\nRevue: Journal of Artificial Intelligence\nVolume: 15, Numéro 3, 2025\nPages: 245-268\nRésumé: Cet article présente une nouvelle méthodologie d'apprentissage automatique...","ACADEMIQUE","article de recherche,titre,auteurs,revue,volume,numéro,pages,résumé,publication",0.96
29,"ORDONNANCE DU JUGE DES RÉFÉRÉS\nAffaire: RG 2026-045\nParties:\n- Requérant: Mme Sophie Dubois\n- Défendeur: SAS Bâtiment Pro\nDécision: Ordonne la suspension des travaux\nDate: 29 janvier 2026\nFondements juridiques: Articles 808 et suivants du code de procédure civile\nSigné par le Juge des Référés","JURIDIQUE","ordonnance,juge des référés,affaire,parties,requérant,défendeur,décision,suspension des travaux,date,fondements juridiques,code de procédure civile",0.94
30,"DIAGRAMME DE GANTT\nProjet: Lancement nouveau produit\nDurée: Février-Avril 2026\nPhases:\n- Phase 1: Conception (1-15 février)\n- Phase 2: Développement (16 février-15 mars)\n- Phase 3: Tests (16-31 mars)\n- Phase 4: Lancement (1-15 avril)\nRessources: Équipe de 5 personnes\nBudget: 50 000€","DIAGRAMME","diagramme de gantt,projet,lancement,durée,phases,conception,développement,tests,ressources,équipe,budget",0.92
31,"FACTURE N°2026-004\nDate: 30/01/2026\nClient: SARL Bricolage Plus\nSIRET: 67890123456789\nMontant HT: 950,00€\nTVA 20%: 190,00€\nMontant TTC: 1140,00€\nNet à payer: 1140,00€\nIBAN: FR84XXXXXXXXXXXXXXX\nBIC: BBBBBBBB\nDate d'échéance: 15/02/2026","FACTURE","facture,date,client,siret,montant ht,tva,montant ttc,net à payer,iban,bic,date d'échéance",0.95
32,"TICKET DE CAISSE\nMagasin: Librairie Moderne\nDate: 31/01/2026 11:30\nArticles:\n- Roman 'Le Voyage': 18,50€\n- Cahier A4: 2,80€\n- Stylo plume: 22,00€\nTotal TTC: 43,30€\nMoyen de paiement: Espèces\nMerci et à bientôt !","RECU","ticket de caisse,magasin,date,articles,total ttc,espèces,merci",0.91
33,"CONTRAT D'ASSURANCE\nEntre:\n- Assureur: AXA France\n- Assuré: M. Jean Dupont\nType: Assurance habitation\nNuméro contrat: AXA-2026-001\nCouverture: Dégâts des eaux, vol, incendie\nPrime annuelle: 450,00€\nDurée: du 01/02/2026 au 31/01/2027\nFait à Paris le 28 janvier 2026","CONTRAT","contrat d'assurance,assureur,assuré,type,numéro contrat,couverture,prime annuelle,durée,fait à",0.97
34,"BON DE COMMANDE N°BC-2026-048\nDate: 01/02/2026\nRéférence client: CLT-567\nAdresse de livraison:\n12 boulevard Haussmann, 75009 Paris\nMode d'expédition: Livraison express\nArticles commandés:\n- 3x Chaises de bureau ergonomiques\n- 1x Bureau réglable en hauteur\nNombre de colis: 2","BON_COMMANDE","bon de commande,date,référence client,adresse de livraison,mode d'expédition,articles,colis",0.90
35,"CERTIFICAT DE MARIAGE\nDélivré par la Mairie de Lyon\nDate: 02/02/2026\nJe soussigné, Maire de Lyon, certifie le mariage de:\n- M. Pierre Martin\n- Mme Sophie Dubois\nCélébré le 25 janvier 2026 en mairie de Lyon\nCachet officiel et signature","ADMINISTRATIF","certificat de mariage,mairie,date,maire,certifie,mariage,célébré,cachet officiel,signature",0.93
36,"RAPPORT DE MISSION\nMission: Audit interne\nPériode: Janvier 2026\nClient: Groupe Financier International\nConstatations principales:\n- Conformité globale satisfaisante\n- Points d'amélioration sur la gestion des risques\n- Recommandations: mise en place d'un comité de suivi\nConclusion: Mission réalisée conformément aux attentes","RAPPORT","rapport de mission,audit interne,période,client,constatations,conformité,gestion des risques,recommandations,conclusion",0.94
37,"LETTRE DE LICENCIEMENT\nÀ l'attention de Madame Sophie Bernard\nSociété: Tech Innovations\nObjet: Licenciement économique\nMadame,\nAprès analyse des difficultés économiques actuelles, nous avons le regret de vous notifier votre licenciement pour motif économique.\nPréavis: 2 mois à compter du 15 février 2026\nIndemnités: calculées selon la convention collective\nFait à Paris le 03 février 2026","CV_LETTRE","lettre de licenciement,attention,société,objet,motif économique,préavis,indemnités,convention collective,fait à",0.96
38,"COMMUNICATION SCIENTIFIQUE\nTitre: 'Avancées en biotechnologie marine'\nAuteur: Dr. Élise Martin\nConférence: Congrès International des Sciences\nDate: 15 mars 2026\nLieu: Palais des Congrès, Paris\nRésumé: Cette communication présente les dernières découvertes en biotechnologie appliquée à la conservation marine...","ACADEMIQUE","communication scientifique,titre,auteur,conférence,date,lieu,résumé,découvertes,biotechnologie",0.92
39,"JUGEMENT D'APPEL\nAffaire: AP-2026-012\nParties:\n- Appelant: SARL Construction Plus\n- Intimé: M. Antoine Dubois\nDécision: Confirme en tous points le jugement de première instance\nDate: 04 février 2026\nMotivation: Les moyens du recours ne sont pas fondés\nSigné par le Président de la Cour d'Appel","JURIDIQUE","jugement d'appel,affaire,parties,appelant,intimé,décision,confirme,jugement première instance,date,motivation,cour d'appel",0.95
40,"ORGANIGRAMME D'ENTREPRISE\nSociété: Groupe International\nStructure:\n- Direction Générale\n  - Direction Financière\n  - Direction Marketing\n  - Direction Opérationnelle\n    - Service Production\n    - Service Logistique\n  - Direction RH\nNombre d'employés: 250\nSiège social: Paris\nDate de mise à jour: 05 février 2026","DIAGRAMME","organigramme,entreprise,société,structure,direction générale,financière,marketing,opérationnelle,production,logistique,rh,employés,siège social",0.91
41,"FACTURE N°2026-005\nDate: 06/02/2026\nClient: SAS Hôtel de Luxe\nSIRET: 78901234567890\nMontant HT: 4200,00€\nTVA 10%: 420,00€\nMontant TTC: 4620,00€\nNet à payer: 4620,00€\nIBAN: FR85XXXXXXXXXXXXXXX\nBIC: CCCCCCCC\nDate d'échéance: 20/02/2026","FACTURE","facture,date,client,siret,montant ht,tva 10%,montant ttc,net à payer,iban,bic,date d'échéance",0.96
42,"TICKET DE CAISSE\nMagasin: Station-service Total\nDate: 07/02/2026 08:45\nArticles:\n- Essence SP95: 60 litres à 1,65€/L = 99,00€\n- Café: 1,50€\n- Sandwich: 4,20€\nTotal TTC: 104,70€\nMoyen de paiement: Carte bancaire\nMerci de votre visite !","RECU","ticket de caisse,magasin,date,essence,café,sandwich,total ttc,carte bancaire,merci",0.93
43,"CONTRAT DE MARIAGE\nEntre les futurs époux:\n- M. Thomas Dubois\n- Mme Claire Martin\nRégime matrimonial: Séparation de biens\nPrésence: Notaire Maître Jean-Pierre Laurent\nDate de signature: 08 février 2026\nLieu: Étude notariale, 15 rue de la République, Lyon\nCachet et signatures","CONTRAT","contrat de mariage,futurs époux,régime matrimonial,séparation de biens,notaire,date de signature,lieu,étude notariale,cachet,signatures",0.98
44,"BON DE COMMANDE N°BC-2026-049\nDate: 09/02/2026\nRéférence client: CLT-890\nAdresse de livraison:\n28 rue de Rivoli, 75004 Paris\nMode d'expédition: Livraison standard\nArticles commandés:\n- 1x Serveur NAS\n- 2x Disques durs 4To\n- 1x Routeur professionnel\nNombre de colis: 1","BON_COMMANDE","bon de commande,date,référence client,adresse de livraison,mode d'expédition,articles serveur,disques durs,routeur,colis",0.92
45,"ATTESTATION DE SALAIRE\nDélivrée par la Société Financière SA\nDate: 10/02/2026\nSalarie: Mme Élise Bernard\nPoste: Chargée de clientèle\nSalaire mensuel brut: 3200,00€\nPrimes annuelles: 4000,00€\nDate d'entrée: 01/09/2023\nCachet et signature du responsable","ADMINISTRATIF","attestation de salaire,société,date,salarié,poste,salaire mensuel,primes,date d'entrée,cachet,signature",0.89
46,"RAPPORT ENVIRONNEMENTAL\nPériode: Année 2025\nIndicateurs clés:\n- Réduction des émissions CO2: 15%\n- Recyclage des déchets: 78%\n- Consommation d'eau: -8%\nObjectifs 2026:\n- Atteindre 90% de recyclage\n- Installation de panneaux solaires\n- Compensation carbone","RAPPORT","rapport environnemental,période,indicateurs clés,émissions co2,recyclage,déchets,consommation d'eau,objectifs,panneaux solaires,compensation carbone",0.94
47,"LETTRE D'ENGAGEMENT\nÀ l'attention de Monsieur le Directeur\nSociété: Conseil en Stratégie\nObjet: Engagement de confidentialité\nMadame, Monsieur,\nPar la présente, je m'engage à respecter strictement la confidentialité des informations dont j'aurai connaissance dans le cadre de ma mission.\nDurée: 2 ans après la fin de la collaboration\nSanctions: Application des clauses contractuelles en cas de violation\nFait à Paris le 11 février 2026","CV_LETTRE","lettre d'engagement,directeur,société,objet,confidentialité,mission,durée,sanctions,clauses contractuelles,fait à",0.95
48,"THÈSE DE MASTER\nTitre: 'L'impact des réseaux sociaux sur le comportement des consommateurs'\nAuteur: M. Antoine Martin\nUniversité: Sorbonne Université\nMention: Très Bien\nDate de soutenance: 20 janvier 2026\nEncadrant: Prof. Sophie Dubois\nRésumé: Cette recherche analyse quantitativement et qualitativement l'influence des plateformes sociales sur les décisions d'achat...","ACADEMIQUE","thèse de master,titre,auteur,université,mention,soutenance,encadrant,résumé,recherche,plateformes sociales,décisions d'achat",0.96
49,"ACTE NOTARIÉ\nRéférence: NOT-2026-045\nParties:\n- Vendeur: SCI Immobilière Paris\n- Acheteur: M. Jean Dupuis\nObjet: Vente d'un appartement\nLocalisation: 15 rue des Fleurs, 75016 Paris\nPrix: 650 000€\nDate: 12 février 2026\nNotaire: Maître Philippe Martin\nCachet et signatures","JURIDIQUE","acte notarié,référence,parties,vendeur,acheteur,objet,localisation,prix,date,notaire,cachet,signatures",0.97
50,"DIAGRAMME D'ACTIVITÉS\nProcessus: Gestion des commandes\nÉtapes:\n1. Réception commande client\n2. Vérification stock\n3. Préparation commande\n4. Expédition\n5. Facturation\nActeurs:\n- Service commercial\n- Entrepôt\n- Logistique\n- Comptabilité\nDurée moyenne: 48h","DIAGRAMME","diagramme d'activités,processus,gestion des commandes,étapes,réception,vérification stock,préparation,expédition,facturation,acteurs,durée",0.93
51,"FACTURE N°2026-006\nDate: 13/02/2026\nClient: SARL Restaurant Gourmet\nSIRET: 89012345678901\nMontant HT: 2850,00€\nTVA 10%: 285,00€\nMontant TTC: 3135,00€\nNet à payer: 3135,00€\nIBAN: FR86XXXXXXXXXXXXXXX\nBIC: DDDDDDDD\nDate d'échéance: 27/02/2026","FACTURE","facture,date,client,siret,montant ht,tva 10%,montant ttc,net à payer,iban,bic,date d'échéance",0.95
52,"TICKET DE CAISSE\nMagasin: Monoprix Centre\nDate: 14/02/2026 19:15\nArticles:\n- Fromage camembert: 3,80€\n- Jambon blanc: 5,20€\n- Vin rouge: 8,90€\n- Chocolats: 6,50€\nTotal TTC: 24,40€\nMoyen de paiement: Carte bancaire\nMerci de votre fidélité !","RECU","ticket de caisse,magasin,date,fromage,jambon,vin,chocolats,total ttc,carte bancaire,merci",0.94
53,"CONTRAT DE FRANCHISE\nEntre:\n- Franchisor: Groupe Restauration Internationale\n- Franchisee: SARL Gourmet Express\nTerritoire exclusif: Département 75\nDroits d'entrée: 30 000€\nRedevance mensuelle: 5% du chiffre d'affaires\nDurée: 10 ans à compter du 01/03/2026\nFait à Paris le 15 février 2026","CONTRAT","contrat de franchise,franchisor,franchisee,territoire exclusif,droits d'entrée,redevance mensuelle,durée,fait à",0.97
54,"BON DE COMMANDE N°BC-2026-050\nDate: 16/02/2026\nRéférence client: CLT-234\nAdresse de livraison:\n36 avenue Montaigne, 75008 Paris\nMode d'expédition: Livraison premium\nArticles commandés:\n- 5x Cravates en soie\n- 3x Ceintures en cuir\n- 2x Portefeuilles\nNombre de colis: 1","BON_COMMANDE","bon de commande,date,référence client,adresse de livraison,mode d'expédition,articles luxueux,cravates,ceintures,portefeuilles,colis",0.91
55,"CERTIFICAT DE NAISSANCE\nDélivré par l'État Civil de Marseille\nDate: 17/02/2026\nNom: Martin\nPrénoms: Léa Sophie\nDate de naissance: 15 février 2026\nHeure: 14h30\nLieu: Hôpital de la Timone, Marseille\nParents: M. Jean Martin et Mme Claire Dubois\nCachet officiel","ADMINISTRATIF","certificat de naissance,état civil,date,nom,prénoms,date de naissance,heure,lieu,hôpital,parents,cachet officiel",0.93
56,"RAPPORT SOCIAL\nAnnée: 2025\nEffectif moyen: 65 salariés\nTaux d'absentéisme: 3,2%\nFormation: 25 heures par salarié\nÉgalité professionnelle:\n- Écart salarial: 5,8%\n- Représentation femmes cadres: 42%\nPerspectives 2026: plan de développement des compétences","RAPPORT","rapport social",0.23
57,"FACTURE N°2026-007\nDate: 18/02/2026\nClient: SARL Boulangerie Artisanale\nSIRET: 90123456789012\nMontant HT: 780,00€\nTVA 5,5%: 42,90€\nMontant TTC: 822,90€\nNet à payer: 822,90€\nIBAN: FR87XXXXXXXXXXXXXXX\nBIC: EEEEEEEE\nDate d'échéance: 03/03/2026","FACTURE","facture,date,client,siret,montant ht,tva 5.5%,montant ttc,net à payer,iban,bic,date d'échéance",0.96
57,"FACTURE N°2026-007\nDate: 18/02/2026\nClient: SARL Boulangerie Artisanale\nSIRET: 90123456789012\nMontant HT: 780,00€\nTVA 5,5%: 42,90€\nMontant TTC: 822,90€\nNet à payer: 822,90€\nIBAN: FR87XXXXXXXXXXXXXXX\nBIC: EEEEEEEE\nDate d'échéance: 03/03/2026","FACTURE","facture,date,client,siret,montant ht,tva 5.5%,montant ttc,net à payer,iban,bic,date d'échéance",0.96
58,"TICKET DE CAISSE\nMagasin: Carrefour Market\nDate: 19/02/2026 10:20\nArticles:\n- Pâtes 500g: 0,95€\n- Sauce tomate: 1,20€\n- Fromage râpé: 2,50€\n- Eau minérale 1,5L: 0,65€\nTotal TTC: 5,30€\nMoyen de paiement: Carte bancaire\nMerci et à bientôt !","RECU","ticket de caisse,magasin,date,pâtes,sauce tomate,fromage,eau,minérale,total ttc,carte bancaire,merci",0.92
59,"CONTRAT DE SERVICES\nEntre:\n- Client: SARL Digital Agency\n- Prestataire: Freelance Web\nObjet: Développement site web\nDurée: 2 mois (mars-avril 2026)\nPrix: 3500€ HT\nModalités: 50% à la signature, 50% à la livraison\nConfidentialité: Clause de non-divulgation\nFait à Lyon le 20 février 2026","CONTRAT","contrat de services,client,prestataire,objet,durée,prix,modalités,confidentialité,clause non-divulgation,fait à",0.95
60,"BON DE COMMANDE N°BC-2026-051\nDate: 21/02/2026\nRéférence client: CLT-345\nAdresse de livraison:\n45 rue Saint-Honoré, 75001 Paris\nMode d'expédition: Livraison express\nArticles commandés:\n- 10x Stylos publicitaires\n- 5x Blocs-notes personnalisés\n- 3x Porte-clés avec logo\nNombre de colis: 1","BON_COMMANDE","bon de commande,date,référence client,adresse de livraison,mode d'expédition,articles publicitaires,stylos,blocs-notes,porte-clés,personnalisés,colis",0.89
61,"ATTESTATION FISCALE\nDélivrée par les impôts\nDate: 22/02/2026\nNuméro fiscal: 12345678901234\nNom: Martin Jean\nPrénom: Pierre\nAdresse: 18 rue des Écoles, 75005 Paris\nRevenus 2025: 42 000€\nImpôt sur le revenu: 6 300€\nCachet et signature","ADMINISTRATIF","attestation fiscale,impôts,date,numéro fiscal,nom,prénom,adresse,revenus,impôt sur le revenu,cachet,signature",0.91
62,"RAPPORT DE PROJET\nProjet: Migration cloud\nClient: Banque Nationale\nPériode: Janvier-Février 2026\nAvancement: 75%\nBudget consommé: 45 000€ sur 60 000€\nRisques identifiés:\n- Délai serré pour la phase finale\n- Compatibilité avec les anciens systèmes\nProchaines étapes: Tests de charge et formation utilisateurs","RAPPORT","rapport de projet",0.6
62,"RAPPORT DE PROJET\nProjet: Migration cloud\nClient: Banque Nationale\nPériode: Janvier-Février 2026\nAvancement: 75%\nBudget: 45 000€/60 000€\nRisques: Délai serré, compatibilité\nProchaines étapes: Tests charge, formation","RAPPORT","rapport projet,migration cloud,client,période,avancement,budget,risques,tests charge,formation",0.94
63,"LETTRE DE CANDIDATURE\nÀ l'attention de Madame la Directrice\nSociété: Innovatech\nObjet: Candidature poste marketing\nMadame,\nDiplômée d'un Master en Marketing Digital, je suis intéressée par votre offre.\nExpérience: 3 ans dans le digital\nCompétences: SEO, SEA, analytics\nDisponible pour entretien dès que possible.\nCordialement,\nMarie Dubois","CV_LETTRE","lettre candidature,directrice,société,objet,diplômée,marketing digital,expérience,compétences,seo,sea,analytics,entretien,cordialement",0.96
64,"PUBLICATION SCIENTIFIQUE\nTitre: 'Nouvelles molécules anticancéreuses'\nAuteurs: Dr. Paul Martin, Dr. Sophie Dubois\nJournal: Nature Medicine\nVolume: 28, Numéro 4\nDate: Mars 2026\nPages: 150-165\nRésumé: Découverte de composés inhibant la croissance tumorale...","ACADEMIQUE","publication scientifique,titre,auteurs,journal,volume,numéro,date,pages,résumé,découverte,composés,anticancéreux",0.97
65,"DÉCISION DE JUSTICE\nAffaire: TGI-2026-078\nParties:\n- Demandeur: Mme Claire Bernard\n- Défendeur: SARL Construction\nDécision: Condamne le défendeur à payer 15 000€\nDate: 23 février 2026\nMotivation: Non-respect des délais contractuels\nVoies de recours: Appel devant la cour d'appel dans un délai d'un mois","JURIDIQUE","décision justice,affaire,parties,demandeur,défendeur,décision,condamne,payer,date,motivation,non-respect,délais contractuels,voies de recours,appel,cour d'appel",0.93
66,"DIAGRAMME DE CLASSES\nSystème: Gestion RH\nClasses principales:\n- Employé\n  - attributs: nom, prénom, salaire\n  - méthodes: calculerSalaire()\n- Service\n  - attributs: nom, budget\n  - méthodes: ajouterEmployé()\nRelations:\n- Composition: Service contient Employés\n- Héritage: Cadre hérite d'Employé","DIAGRAMME","diagramme classes,système,gestion rh,classes principales,employé,attributs,méthodes,service,composition,héritage,cadre",0.95
67,"FACTURE N°2026-008\nDate: 24/02/2026\nClient: SARL Pâtisserie Délice\nSIRET: 01234567890123\nMontant HT: 1250,00€\nTVA 5,5%: 68,75€\nMontant TTC: 1318,75€\nNet à payer: 1318,75€\nIBAN: FR88XXXXXXXXXXXXXXX\nBIC: FFFFFFFF\nDate d'échéance: 10/03/2026","FACTURE","facture,date,client,siret,montant ht,tva 5.5%,montant ttc,net à payer,iban,bic,date d'échéance",0.96
68,"TICKET DE CAISSE\nMagasin: FNAC Montparnasse\nDate: 25/02/2026 14:45\nArticles:\n- Roman policier: 19,90€\n- DVD film: 15,50€\n- Casque audio: 49,90€\nTotal TTC: 85,30€\nMoyen de paiement: Carte bancaire\nMerci de votre achat !","RECU","ticket de caisse,magasin,date,roman,dvd,casque audio,total ttc,carte bancaire,merci",0.93
69,"CONTRAT DE PARTENARIAT\nEntre:\n- Partenaire A: Tech Solutions SA\n- Partenaire B: Marketing Pro SARL\nObjet: Développement application mobile\nPartage des revenus: 60%/40%\nDurée: 3 ans à compter du 01/03/2026\nConfidentialité: Clause stricte\nRésiliation: Préavis de 6 mois\nFait à Paris le 26 février 2026","CONTRAT","contrat partenariat,partenaire a,partenaire b,objet,développement,application mobile,partage revenus,durée,confidentialité,clause,résiliation,préavis,fait à",0.97
70,"BON DE COMMANDE N°BC-2026-052\nDate: 27/02/2026\nRéférence client: CLT-456\nAdresse de livraison:\n22 rue de la Paix, 75002 Paris\nMode d'expédition: Livraison standard\nArticles commandés:\n- 4x Chaises de jardin\n- 1x Table d'extérieur\n- 2x Parasols\nNombre de colis: 3","BON_COMMANDE","bon de commande,date,référence client,adresse de livraison,mode d'expédition,articles jardin,chaises,table,parasols,colis",0.91
71,"CERTIFICAT DE VÉHICULE\nDélivré par la Préfecture de Police\nDate: 28/02/2026\nNuméro d'immatriculation: AB-123-CD\nPropriétaire: M. Jean Dupont\nMarque: Renault\nModèle: Clio\nAnnée: 2025\nPuissance: 5 CV\nCachet officiel de la préfecture","ADMINISTRATIF","certificat véhicule,préfecture police,date,numéro immatriculation,propriétaire,marque,modèle,année,puissance,cachet officiel",0.94
72,"RAPPORT TECHNIQUE\nSystème: Serveurs cloud\nPériode: Février 2026\nDisponibilité: 99,98%\nIncidents: 2 (durée totale 15 minutes)\nPerformances:\n- Temps de réponse moyen: 120ms\n- Débit maximal: 1,2 Gbps\nRecommandations: Upgrade mémoire pour pics de charge","RAPPORT","rapport technique,système,serveurs cloud,période,disponibilité,incidents,performances,temps réponse,débit,recommandations,upgrade mémoire",0.95
73,"LETTRE DE RELANCE\nÀ l'attention de Madame la Comptabilité\nSociété: SARL Martin Services\nObjet: Facture impayée N°2026-001\nMadame,\nNous constatons que notre facture du 15 janvier 2026 d'un montant de 1800€ n'a pas encore été réglée.\nMerci de régulariser cette situation sous 8 jours.\nEn cas de non-paiement, nous serons contraints de prendre des mesures.\nCordialement,\nService comptabilité","CV_LETTRE","lettre relance,comptabilité,société,objet,facture impayée,montant,non réglée,régulariser,8 jours,mesures,cordialement",0.92
74,"THÈSE D'HABILITATION\nTitre: 'Théorie des nombres avancée'\nAuteur: Prof. Marc Dubois\nUniversité: Collège de France\nDate de soutenance: 10 février 2026\nJury:\n- Prof. Jean Martin (président)\n- Dr. Sophie Bernard (rapporteur)\n- Prof. Pierre Laurent (examinateur)\nRésumé: Contributions majeures à la théorie des nombres premiers...","ACADEMIQUE","thèse habilitation,titre,auteur,université,date soutenance,jury,président,rapporteur,examinateur,résumé,théorie nombres premiers",0.98
75,"ACTE DE DONATION\nEntre:\n- Donateur: Mme Élise Martin, veuve Dubois\n- Donataire: Association Caritative Enfants\nObjet: Donation d'un immeuble\nLocalisation: 8 rue des Enfants, 75018 Paris\nValeur: 350 000€\nDate: 01 mars 2026\nNotaire: Maître Antoine Bernard\nCachet et signatures","JURIDIQUE","acte donation,donateur,donataire,objet,donation,immeuble,localisation,valeur,date,notaire,cachet,signatures",0.96
76,"DIAGRAMME DE SEQUENCE\nScénario: Commande en ligne\nActeurs:\n- Client\n- Site web\n- Base de données\n- Service de paiement\nSéquence:\n1. Client sélectionne produit\n2. Site vérifie stock\n3. Client saisit coordonnées\n4. Paiement sécurisé\n5. Confirmation envoyée","DIAGRAMME","diagramme séquence,scénario,commande en ligne,acteurs,client,site web,base données,service paiement,séquence,sélection produit,vérification stock,coordonnées,paiement sécurisé,confirmation",0.94
77,"FACTURE N°2026-009\nDate: 02/03/2026\nClient: SARL Hôtel Prestige\nSIRET: 12345678901234\nMontant HT: 3200,00€\nTVA 10%: 320,00€\nMontant TTC: 3520,00€\nNet à payer: 3520,00€\nIBAN: FR89XXXXXXXXXXXXXXX\nBIC: GGGGGGGG\nDate d'échéance: 17/03/2026","FACTURE","facture,date,client,siret,montant ht,tva 10%,montant ttc,net à payer,iban,bic,date d'échéance",0.95
78,"TICKET DE CAISSE\nMagasin: Decathlon Sport\nDate: 03/03/2026 16:30\nArticles:\n- Chaussures running: 89,90€\n- Short sport: 24,90€\n- Bouteille eau: 8,50€\nTotal TTC: 123,30€\nMoyen de paiement: Carte bancaire\nMerci pour votre confiance !","RECU","ticket de caisse,magasin,date,chaussures,running,short sport,bouteille eau,total ttc,carte bancaire,merci",0.93
79,"CONTRAT DE CDD\nEntre les soussignés:\n- Employeur: SARL Tech Innovante\n- Employé: M. Lucas Bernard\nPoste: Développeur junior\nDurée: 6 mois (01/03/2026-31/08/2026)\nSalaire: 2200€ brut/mois\nPériode d'essai: 1 mois\nFait à Lyon le 28 février 2026","CONTRAT","contrat cdd,employeur,employé,poste,développeur junior,durée,salaire,période essai,fait à",0.97
80,"BON DE COMMANDE N°BC-2026-053\nDate: 04/03/2026\nRéférence client: CLT-567\nAdresse de livraison:\n30 avenue Victor Hugo, 75016 Paris\nMode d'expédition: Livraison express\nArticles commandés:\n- 1x Imprimante laser\n- 2x Cartouches toner\n- 1x Papier A4 500 feuilles\nNombre de colis: 1","BON_COMMANDE","bon de commande,date,référence client,adresse de livraison,mode d'expédition,articles bureau,imprimante laser,cartouches toner,papier a4,colis",0.92
81,"ATTESTATION DE DIPLOME\nDélivrée par l'Université Paris-Saclay\nDate: 05/03/2026\nNom: Bernard Antoine\nDiplôme: Master Informatique\nMention: Bien\nAnnée d'obtention: 2025\nNuméro de diplôme: UPS-2025-7890\nCachet et signature du président","ADMINISTRATIF","attestation diplôme,université,date,nom,diplôme,master informatique,mention,année obtention,numéro diplôme,cachet,signature,président",0.94
82,"RAPPORT DE SÉCURITÉ\nPériode: Février 2026\nIncidents de sécurité: 3\n- 1 tentative intrusion réseau\n- 2 accès non autorisés\nMesures prises:\n- Renforcement pare-feu\n- Formation utilisateurs\n- Audit mensuel\nRecommandations: MFA obligatoire pour tous les comptes","RAPPORT","rapport sécurité,période,incidents,attempt intrusion,réseau,accès non autorisés,mesures,pare-feu,formation utilisateurs,audit,recommandations,mfa",0.96
83,"LETTRE DE FÉLICITATIONS\nÀ l'attention de Monsieur Dupont\nSociété: Directoire Général\nObjet: Reconnaissance performance exceptionnelle\nMonsieur,\nNous tenons à vous féliciter pour vos résultats exceptionnels du dernier trimestre.\nVotre chiffre d'affaires a dépassé l'objectif de 25%.\nEn reconnaissance, vous recevrez une prime exceptionnelle de 2000€.\nContinuez ainsi !\nCordialement,\nDirection générale","CV_LETTRE","lettre félicitations,directoire général,société,objet,reconnaissance,performance exceptionnelle,chiffre affaires,objectif,prime exceptionnelle,continuez,cordialement",0.95
84,"COMMUNICATION DIPLOME\nTitre: 'Intelligence artificielle et éthique'\nAuteur: Dr. Marie Laurent\nConférence: Forum Éthique Technologique\nDate: 15 mars 2026\nLieu: UNESCO, Paris\nPublic: Professionnels, décideurs, chercheurs\nDurée: 45 minutes\nSupport: Présentation PowerPoint disponible\nRésumé: Analyse des enjeux éthiques liés au déploiement de l'IA...","ACADEMIQUE","communication diplôme,titre,auteur,conférence,date,lieu,unesco,public,professionnels,décideurs,chercheurs,durée,support,résumé,éthique,ia",0.93
85,"JUGEMENT CORRECTIONNEL\nAffaire: CR-2026-023\nParties:\n- Prévenu: M. Antoine Martin\n- Victime: État\nInfraction: Fraude fiscale\nPeine: 6 mois avec sursis, amende 10 000€\nDate: 06 mars 2026\nMotivation: Dissimulation de revenus sur 3 ans\nFait par le Juge correctionnel","JURIDIQUE","jugement correctionnel,affaire,parties,prévenu,victime,infraction,fraude fiscale,peine,mois avec sursis,amende,date,motivation,dissimulation,revenus,juge correctionnel",0.97
86,"DIAGRAMME D'ÉTATS\nSystème: Machine à café intelligente\nÉtats:\n- État initial: Machine éteinte\n- État actif: Machine allumée\n- État prêt: Prête à servir\n- État en cours: Préparation boisson\nTransitions:\n- Bouton marche/arrêt\n- Sélection boisson\n- Pénurie eau\n- Pénurie café","DIAGRAMME","diagramme états,système,machine café intelligente,états,initial,actif,prêt,en cours,transitions,bouton,sélection boisson,pénurie eau,café",0.91
87,"FACTURE N°2026-010\nDate: 07/03/2026\nClient: SAS Restaurant Étoilé\nSIRET: 23456789012345\nMontant HT: 5600,00€\nTVA 10%: 560,00€\nMontant TTC: 6160,00€\nNet à payer: 6160,00€\nIBAN: FR90XXXXXXXXXXXXXXX\nBIC: HHHHHHHH\nDate d'échéance: 21/03/2026","FACTURE","facture,date,client,siret,montant ht,tva 10%,montant ttc,net à payer,iban,bic,date d'échéance",0.96
88,"TICKET DE CAISSE\nMagasin: Sephora Champs-Élysées\nDate: 08/03/2026 13:15\nArticles:\n- Crème hydratante: 45,00€\n- Parfum: 78,50€\n- Vernis à ongles: 12,90€\nTotal TTC: 136,40€\nMoyen de paiement: Carte bancaire\nMerci de votre visite beauté !","RECU","ticket de caisse,magasin,date,crème hydratante,parfum,vernis ongles,total ttc,carte bancaire,merci,visite beauté",0.94
89,"CONTRAT D'APPRENTISSAGE\nEntre:\n- Maître d'apprentissage: SARL Boulangerie Artisanale\n- Apprenti: M. Thomas Dubois\nDurée: 2 ans (01/09/2026-31/08/2028)\nFormation: CAP Boulanger\nRémunération: 850€/mois première année\nObligations: Présence centre formation 1 semaine/mois\nFait à Paris le 05 mars 2026","CONTRAT","contrat apprentissage,maître apprentissage,apprenti,durée,formation,cap boulanger,rémunération,obligations,présence,centre formation,fait à",0.98
90,"BON DE COMMANDE N°BC-2026-054\nDate: 09/03/2026\nRéférence client: CLT-678\nAdresse de livraison:\n15 rue de la République, 69002 Lyon\nMode d'expédition: Livraison standard\nArticles commandés:\n- 3x Lampes de bureau LED\n- 2x Tapis de souris ergonomiques\n- 1x Support écran réglable\nNombre de colis: 2","BON_COMMANDE","bon de commande,date,référence client,adresse de livraison,mode d'expédition,articles bureau,lampes led,tapis souris,support écran,colis",0.93
91,"CERTIFICAT DE RÉSIDENCE\nDélivré par la Préfecture de Lyon\nDate: 10/03/2026\nNom: Martin Sophie\nPrénom: Claire\nNationalité: Française\nAdresse: 25 rue Victor Hugo, 69002 Lyon\nDepuis: 01/06/2023\nValidité: 1 an\nCachet et signature du préfet","ADMINISTRATIF","certificat résidence,préfecture lyon,date,nom,prénom,nationalité,adresse,depuis,validité,cachet,signature,préfet",0.92
92,"RAPPORT DE QUALITÉ\nPériode: Janvier-Février 2026\nIndice satisfaction client: 4,2/5\nRéclamations traitées: 45 sur 50\nDélai moyen traitement: 24h\nAméliorations apportées:\n- Nouveau système de suivi\n- Formation service client\nObjectif mars: 4,5/5","RAPPORT","rapport qualité,période,indice satisfaction client,réclamations traitées,délai moyen,améliorations,système suivi,formation service client,objectif",0.95
93,"LETTRE DE LICENCIEMENT POUR FAUTE\nÀ l'attention de Monsieur Jean Bernard\nSociété: SARL Sécurité Plus\nObjet: Licenciement pour faute grave\nMonsieur,\nAprès enquête, votre comportement du 15 février 2026 constitue une faute grave.\nNous vous notifions votre licenciement sans préavis.\nDernier jour travaillé: 10 mars 2026\nIndemnités: Aucune en cas de faute grave\nFait à Lyon le 08 mars 2026","CV_LETTRE","lettre licenciement faute,attention,société,objet,licenciement,faute grave,enquête,comportement,préavis,dernier jour travaillé,indemnités,aucune,fait à",0.97
94,"THÈSE DE DOCTORAT EN SCIENCES\nTitre: 'Physique des particules élémentaires'\nAuteur: Dr. Pierre Laurent\nLaboratoire: CERN\nDirecteur de thèse: Prof. Marie Dubois\nDate de soutenance: 05 mars 2026\nJury: 7 membres dont 3 étrangers\nRésumé: Découverte expérimentale de nouvelles particules...","ACADEMIQUE","thèse doctorat sciences,titre,auteur,laboratoire,cern,directeur thèse,date soutenance,jury,membres,étrangers,résumé,découverte expérimentale,particules",0.99
95,"ORDONNANCE DE RÉFÉRÉ\nAffaire: RG 2026-089\nParties:\n- Demandeur: SARL Tech Startup\n- Défendeur: Ancien employé\nObjet: Mesures conservatoires\nDécision: Interdit au défendeur d'utiliser les secrets commerciaux\nDate: 11 mars 2026\nUrgence: Risque imminent de concurrence déloyale\nSigné par le Juge des Référés","JURIDIQUE","ordonnance référé,affaire,parties,demandeur,défendeur,objet,mesures conservatoires,décision,interdit,secrets commerciaux,date,urgence,risk concurrence déloyale,juge référés",0.94
96,"DIAGRAMME DE CLASSES UML\nApplication: Gestion bibliothèque\nClasses:\n- Livre\n  + attributs: titre, auteur, isbn\n  + méthodes: emprunter(), retourner()\n- Adhérent\n  + attributs: nom, prénom, numéro\n  + méthodes: inscrire(), résilier()\n- Emprunt\n  + attributs: date, durée\nRelations:\n- Association multiplicité","DIAGRAMME","diagramme classes uml,application,gestion bibliothèque,classes,livre,attributs,titre,auteur,isbn,méthodes,adhérent,emprunt,relations,association,multiplicité",0.96
97,"FACTURE N°2026-011\nDate: 12/03/2026\nClient: SARL Hôtel de Ville\nSIRET: 34567890123456\nMontant HT: 2450,00€\nTVA 10%: 245,00€\nMontant TTC: 2695,00€\nNet à payer: 2695,00€\nIBAN: FR91XXXXXXXXXXXXXXX\nBIC: IIIIIIII\nDate d'échéance: 26/03/2026","FACTURE","facture,date,client,siret,montant ht,tva 10%,montant ttc,net à payer,iban,bic,date d'échéance",0.95
98,"TICKET DE CAISSE\nMagasin: IKEA Vélizy\nDate: 13/03/2026 11:20\nArticles:\n- Table basse: 79,90€\n- 2x Coussins décoratifs: 19,90€\n- Lampe de bureau: 29,90€\nTotal TTC: 129,70€\nMoyen de paiement: Carte bancaire\nMerci de visiter IKEA !","RECU","ticket de caisse,magasin,date,table basse,coussins décoratifs,lampe bureau,total ttc,carte bancaire,merci,ikea",0.91
99,"CONTRAT DE PRÊT\nEntre:\n- Prêteur: Banque Populaire\n- Emprunteur: M. Jean Dupuis\nMontant: 120 000€\nDurée: 15 ans\nTaux: 2,5% fixe\nGaranties: Hypothèque sur l'appartement\nRemboursement: Mensualités de 800,50€\nDate effet: 01 avril 2026\nFait à Paris le 14 mars 2026","CONTRAT","contrat prêt,prêteur,banque populaire,emprunteur,montant,durée,taux,garanties,hypothèque,remboursement,mensualités,date effet,fait à",0.97
100,"BON DE COMMANDE N°BC-2026-055\nDate: 15/03/2026\nRéférence client: CLT-789\nAdresse de livraison:\n40 boulevard Haussmann, 75009 Paris\nMode d'expédition: Livraison premium\nArticles commandés:\n- 1x Canapé 3 places\n- 1x Table à manger\n- 4x Chaises design\nNombre de colis: 3","BON_COMMANDE","bon de commande,date,référence client,adresse de livraison,mode d'expédition,articles mobilier,canapé,table manger,chaises design,colis",0.94
101,"ATTESTATION D'EMPLOI\nDélivrée par la Société Informatique SA\nDate: 16/03/2026\nSalarié: Mme Sophie Martin\nPoste: Chef de projet IT\nDate d'embauche: 15/06/2023\nSalaire annuel: 48 000€\nStatut: CDI\nCachet et signature du directeur","ADMINISTRATIF","attestation emploi,société,date,salarié,poste,chef projet it,date embauche,salaire annuel,statut,cdi,cachet,signature,directeur",0.93
102,"RAPPORT DE PROGRÈS\nProjet: Développement application mobile\nClient: Banque en ligne\nPhase: 2/4\nAvancement: 50%\nBudget utilisé: 25 000€ / 50 000€\nRisques: Délai serré pour intégration paiement\nProchain jalons: Tests utilisateurs fin mars\nÉquipe: 4 développeurs, 1 chef de projet","RAPPORT","rapport progrès,projet,développement,application mobile,client,phase,avancement,budget,risques,délai,intégration paiement,jalons,tests utilisateurs,équipe",0.95
103,"LETTRE DE MISSION\nÀ l'attention de Monsieur le Consultant\nSociété: Conseil Stratégique\nObjet: Mission d'audit organisationnel\nDurée: 3 semaines (20 mars-7 avril 2026)\nLieu: Siège social Paris\nObjectifs:\n- Analyser structure organisationnelle\n- Identifier points bloquants\n- Proposer améliorations\nRémunération: 4500€ HT\nFait à Paris le 17 mars 2026","CV_LETTRE","lettre mission,attention,consultant,société,objet,mission audit,organisationnel,durée,lieu,siège social,objectifs,structure organisationnelle,points bloquants,améliorations,rémunération,fait à",0.96
104,"ARTICLE DE REVUE\nTitre: 'Nouvelles perspectives en robotique'\nAuteur: Dr. Antoine Bernard\nRevue: Sciences et Avenir\nNuméro: 890, Mars 2026\nPages: 45-52\nRésumé: Présentation des avancées récentes en robotique collaborative...\nMots-clés: robotique, intelligence artificielle, automation","ACADEMIQUE","article revue,titre,auteur,revue,sciences avenir,numéro,pages,résumé,avancées,robotique collaborative,mots-clés,intelligence artificielle,automation",0.94
105,"JUGEMENT CIVIL\nAffaire: TGI-2026-056\nParties:\n- Demanderesse: Mme Claire Dubois\n- Défendeur: SARL Assurance\nObjet: Indemnisation dommages\nDécision: Condamne le défendeur à payer 25 000€\nDate: 18 mars 2026\nMotivation: Non-respect des clauses contractuelles\nFait par le Juge des Référés","JURIDIQUE","jugement civil,affaire,parties,demanderesse,défendeur,objet,indemnisation,dommages,décision,condamne,payer,date,motivation,non-respect,clauses contractuelles,juge référés",0.95
106,"DIAGRAMME USE CASE\nSystème: Plateforme e-commerce\nActeurs:\n- Client\n- Administrateur\n- Paiement sécurisé\nUse cases:\n- Passer commande\n- Gérer catalogue\n- Traiter paiement\n- Générer rapport\nRelations: Includes, extends","DIAGRAMME","diagramme use case,système,plateforme e-commerce,acteurs,client,administrateur,paiement sécurisé,use cases,passer commande,gérer catalogue,traiter paiement,générer rapport,relations,includes,extends",0.93
107,"FACTURE N°2026-012\nDate: 19/03/2026\nClient: SARL Agence Web\nSIRET: 45678901234567\nMontant HT: 1850,00€\nTVA 20%: 370,00€\nMontant TTC: 2220,00€\nNet à payer: 2220,00€\nIBAN: FR92XXXXXXXXXXXXXXX\nBIC: JJJJJJJJ\nDate d'échéance: 02/04/2026","FACTURE","facture,date,client,siret,montant ht,tva 20%,montant ttc,net à payer,iban,bic,date d'échéance",0.96
108,"TICKET DE CAISSE\nMagasin: Monoprix République\nDate: 20/03/2026 17:40\nArticles:\n- Pizza surgelée: 3,20€\n- Glace vanille: 4,50€\n- Yaourts: 2,80€\n- Pâtisserie: 5,90€\nTotal TTC: 16,40€\nMoyen de paiement: Espèces\nMerci de votre visite !","RECU","ticket de caisse,magasin,date,pizza surgelée,glace vanille,yaourts,pâtisserie,total ttc,espèces,merci",0.92
109,"CONTRAT DE VENTE EN LIGNE\nEntre:\n- Vendeur: E-commerce Pro SAS\n- Acheteur: M. Pierre Martin\nProduit: Smartphone dernière génération\nPrix: 899,00€ TTC\nMode de livraison: Colissimo suivi\nDélai: 3 jours ouvrés\nDroit de rétractation: 14 jours\nDate: 21 mars 2026","CONTRAT","contrat vente ligne,vendeur,acheteur,produit,smartphone,prix,tva,livraison,colissimo suivi,délai,droit rétractation,date",0.95
110,"BON DE COMMANDE N°BC-2026-056\nDate: 22/03/2026\nRéférence client: CLT-890\nAdresse de livraison:\n25 rue de la Paix, 75002 Paris\nMode d'expédition: Livraison express\nArticles commandés:\n- 1x Ordinateur portable gaming\n- 1x Souris gamer\n- 1x Casque audio RGB\nNombre de colis: 1","BON_COMMANDE","bon de commande,date,référence client,adresse de livraison,mode d'expédition,articles informatique,ordinateur portable gaming,souris gamer,casque audio rgb,colis",0.93
111,"CERTIFICAT MÉDICAL D'APTITUDE\nDélivré par le Dr. Laurent Bernard\nDate: 23/03/2026\nPatient: M. Antoine Dubois\nActivité: Travail en hauteur\nAvis: Aptitude totale\nRestrictions: Aucune\nValidité: 1 an\nCachet et signature du médecin","MEDICAL","certificat médical aptitude,médecin,date,patient,activité,travail hauteur,avis,aptitude totale,restrictions,aucune,validité,cachet,signature",0.97
112,"RAPPORT D'AUDIT\nAuditeur: Cabinet ExpertCompta\nClient: SARL Restaurant Gourmet\nPériode: Janvier-Février 2026\nConstatations:\n- Conformité fiscale: satisfaisante\n- Gestion des stocks: points d'amélioration\n- Paies: correctes\nRecommandations:\n- Digitalisation des bons de commande\n- Formation comptable\nDate rapport: 24 mars 2026","RAPPORT","rapport audit,auditeur,cabinet expertcompta,client,période,constatations,conformité fiscale,gestion stocks,paies,recommandations,digitalisation,bons commande,formation comptable,date rapport",0.96
113,"LETTRE DE DÉMISSION VOLONTAIRE\nÀ l'attention de Madame la Directrice\nSociété: Marketing Solutions\nObjet: Ma démission\nMadame,\nJe souhaite vous informer de ma décision de quitter l'entreprise pour un nouveau défi professionnel.\nDate de départ: 15 avril 2026 (respect préavis 1 mois)\nJe reste à disposition pour assurer la transition.\nJe vous remercie pour les opportunités offertes.\nCordialement,\nThomas Laurent","CV_LETTRE","lettre démission volontaire,directrice,société,objet,décision,quitter entreprise,nouveau défi,date départ,préavis,transition,opportunités,cordialement",0.94
114,"THÈSE DE MASTER EN ÉCONOMIE\nTitre: 'Impact du Brexit sur le commerce européen'\nAuteur: Mme Élise Martin\nUniversité: Sciences Po Paris\nMention: Très Bien\nDate de soutenance: 18 mars 2026\nEncadrant: Prof. Jean Dupont\nRésumé: Analyse quantitative des flux commerciaux post-Brexit...","ACADEMIQUE","thèse master économie,titre,auteur,université,sciences po,mention,très bien,date soutenance,encadrant,résumé,analyse quantitative,flux commerciaux,brexit",0.95
115,"ACTE D'HYPOTHÈQUE\nRéférence: HYP-2026-034\nParties:\n- Créditeur: Banque de France\n- Débiteur: M. Jean Martin\nObjet: Prêt immobilier\nMontant: 250 000€\nBien hypothéqué: Appartement 75m², 15 rue des Fleurs, Paris\nDurée: 20 ans\nDate: 25 mars 2026\nNotaire: Maître Sophie Bernard","JURIDIQUE","acte hypothèque,référence,parties,créditeur,débiteur,objet,prêt immobilier,montant,bien hypothéqué,appartement,durée,date,notaire",0.96
116,"DIAGRAMME DE FLUX\nProcessus: Traitement commande\nÉtapes:\n1. Réception commande\n2. Vérification paiement\n3. Préparation colis\n4. Expédition\n5. Confirmation livraison\nDécisions:\n- Paiement validé ?\n- Stock disponible ?\n- Adresse correcte ?\nDurée moyenne: 24h","DIAGRAMME","diagramme flux,processus,traitement commande,étapes,réception,vérification paiement,préparation colis,expédition,confirmation livraison,décisions,paiement validé,stock disponible,adresse correcte,durée moyenne",0.92
117,"FACTURE N°2026-013\nDate: 26/03/2026\nClient: SARL Conseil Juridique\nSIRET: 56789012345678\nMontant HT: 4200,00€\nTVA 20%: 840,00€\nMontant TTC: 5040,00€\nNet à payer: 5040,00€\nIBAN: FR93XXXXXXXXXXXXXXX\nBIC: KKKKKKKK\nDate d'échéance: 09/04/2026","FACTURE","facture,date,client,siret,montant ht,tva 20%,montant ttc,net à payer,iban,bic,date d'échéance",0.97
118,"TICKET DE CAISSE\nMagasin: Carrefour Market Sébastopol\nDate: 27/03/2026 09:15\nArticles:\n- Lait 1L: 0,95€\n- Oeufs 12: 2,80€\n- Beurre: 2,50€\n- Pain complet: 1,80€\nTotal TTC: 8,05€\nMoyen de paiement: Carte bancaire\nMerci et à bientôt !","RECU","ticket de caisse,magasin,date,lait,oeufs,beurre,pain complet,total ttc,carte bancaire,merci",0.91
119,"CONTRAT DE LICENCE\nEntre:\n- Licensor: Software Solutions SA\n- Licensee: SARL Tech Startup\nObjet: Licence logiciel CRM\nPrix: 15 000€ HT/an\nDurée: 3 ans renouvelable\nSupport: 24/7 inclus\nRestrictions: Usage interne uniquement\nDate: 28 mars 2026\nFait à Paris","CONTRAT","contrat licence,licensor,licensee,objet,licence logiciel,crm,prix,durée,support,restrictions,usage interne,date,fait à",0.98
120,"BON DE COMMANDE N°BC-2026-057\nDate: 29/03/2026\nRéférence client: CLT-901\nAdresse de livraison:\n35 avenue des Champs-Élysées, 75008 Paris\nMode d'expédition: Livraison standard\nArticles commandés:\n- 2x Imprimantes multifonctions\n- 1x Scanner professionnel\n- 1x Destructeur de documents\nNombre de colis: 2","BON_COMMANDE","bon de commande,date,référence client,adresse de livraison,mode d'expédition,articles bureau,imprimantes multifonctions,scanner professionnel,destructeur documents,colis",0.94
121,"ATTESTATION DE VIE\nDélivrée par la Mairie de Bordeaux\nDate: 30/03/2026\nNom: Dubois\nPrénoms: Marie Élise\nDate de naissance: 15/05/1945\nLieu de naissance: Bordeaux\nDéclaration: Je soussigné certifie être en vie ce jour\nCachet de la mairie et signature","ADMINISTRATIF","attestation vie,mairie bordeaux,date,nom,prénoms,date naissance,lieu naissance,déclaration,certifie être en vie,cachet,signature",0.92
122,"RAPPORT DE PERFORMANCE\nPériode: Q1 2026\nObjectifs atteints: 85%\nChiffre d'affaires: 1 250 000€ (+12% vs N-1)\nMarge nette: 18%\nNombre de clients: 345 (+15%)\nSatisfaction client: 4,5/5\nPoints forts: Croissance marché américain\nPoints faibles: Retards livraisons Europe","RAPPORT","rapport performance,période,q1 2026,objectifs atteints,chiffre affaires,croissance,marge nette,nombre clients,satisfaction client,points forts,croissance marché américain,points faibles,retards livraisons europe",0.97
123,"LETTRE DE CONVOCATION EN ENTRETIEN\nÀ l'attention de Madame Sophie Martin\nSociété: Recrutement Pro\nObjet: Convocation entretien emploi\nMadame,\nSuite à votre candidature pour le poste de Chef de Produit, nous vous convions à un entretien.\nDate: 05 avril 2026\nHeure: 14h00\nLieu: 10 rue de la Bourse, 75002 Paris\nContact: marc.dubois@recrutementpro.fr\nCordialement,\nService recrutement","CV_LETTRE","lettre convocation entretien,attention,société,objet,convocation,poste,chef produit,candidature,date,heure,lieu,contact,cordialement,service recrutement",0.93
124,"MÉMOIRE DE DEA\nTitre: 'Linguistique computationnelle'\nAuteur: Dr. Antoine Bernard\nUniversité: Paris Diderot\nDirecteur: Prof. Claire Martin\nDate: Mars 2026\nPages: 120\nRésumé: Développement d'algorithmes de traitement du langage naturel...","ACADEMIQUE","mémoire dea,titre,auteur,université,directeur,date,pages,résumé,linguistique computationnelle,algorithmes,traitement langage naturel",0.94
125,"DÉCISION D'EXPULSION\nAffaire: TRIB-2026-078\nParties:\n- Bailleur: SCI Immobilier Paris\n- Locataire: M. Jean Dupont\nMotif: Non-paiement loyers depuis 3 mois\nDécision: Expulsion locataire sous 2 mois\nDate: 31 mars 2026\nDélai: Recours possible dans un délai de 15 jours\nSigné par le Juge","JURIDIQUE","décision expulsion,affaire,parties,bailleur,locataire,motif,non-paiement,loyers,décision,expulsion,délai,recours,juge",0.95
126,"DIAGRAMME D'ACTIVITÉS BPMN\nProcessus: Gestion des réclamations\nActeurs:\n- Client\n- Service client\n- Service technique\nActivités:\n- Enregistrer réclamation\n- Analyser problème\n- Proposer solution\n- Clôturer dossier\nGateways: Exclusif, parallèle\nDonnées: Dossier client, historique","DIAGRAMME","diagramme activités bpmn",0.95
127,"FACTURE N°2026-014\nDate: 01/04/2026\nClient: SARL Architecture Design\nSIRET: 67890123456789\nMontant HT: 3750,00€\nTVA 20%: 750,00€\nMontant TTC: 4500,00€\nNet à payer: 4500,00€\nIBAN: FR94XXXXXXXXXXXXXXX\nBIC: LLLLLLLL\nDate d'échéance: 15/04/2026","FACTURE","facture,date,client,siret,montant ht,tva 20%,montant ttc,net à payer,iban,bic,date d'échéance",0.96
128,"TICKET DE CAISSE\nMagasin: Franprix République\nDate: 02/04/2026 10:30\nArticles:\n- Céréales: 2,50€\n- Jus d'orange: 1,80€\n- Fromage: 4,20€\n- Chocolat: 2,90€\nTotal TTC: 11,40€\nMoyen de paiement: Carte bancaire\nMerci de votre visite !","RECU","ticket de caisse,magasin,date,céréales,jus orange,fromage,chocolat,total ttc,carte bancaire,merci",0.92
129,"CONTRAT DE FRANCHISE INTERNATIONALE\nEntre:\n- Franchisor: Groupe Restauration Global\n- Franchisee: SARL Food International\nTerritoire: Belgique\nDroits d'entrée: 50 000€\nRedevance: 6% chiffre d'affaires\nDurée: 15 ans\nSupport: Formation initiale 2 semaines\nFait à Bruxelles le 03 avril 2026","CONTRAT","contrat franchise internationale,franchisor,franchisee,territoire,belgique,droits entrée,redevance,chiffre affaires,durée,support,formation initiale,fait à",0.98
130,"BON DE COMMANDE N°BC-2026-058\nDate: 04/04/2026\nRéférence client: CLT-012\nAdresse de livraison:\n45 rue du Commerce, 75015 Paris\nMode d'expédition: Livraison express\nArticles commandés:\n- 10x Uniformes de travail\n- 5x Casquettes personnalisées\n- 1x Panneau signalétique\nNombre de colis: 2","BON_COMMANDE","bon de commande,date,référence client,adresse de livraison,mode d'expédition,articles professionnels,uniformes travail,casquettes personnalisées,panneau signalétique,colis",0.91
131,"CERTIFICAT DE NON-CONDAMNATION\nDélivré par le Casier Judiciaire National\nDate: 05/04/2026\nNom: Martin\nPrénoms: Jean Pierre\nDate de naissance: 12/08/1985\nLieu de naissance: Marseille\nExtrait N°: CJN-2026-7890\nMention: Aucune condamnation\nCachet et signature officiels","ADMINISTRATIF","certificat non-condamnation,casier judiciaire national,date,nom,prénoms,date naissance,lieu naissance,extrait numéro,mention,aucune condamnation,cachet,signature officiels",0.97
132,"RAPPORT ANNUEL CSR\nPériode: 2025\nEngagements RSE:\n- Réduction CO2: 22%\n- Emploi local: 45 personnes\n- Formation continue: 25h/salarié\n- Dons aux associations: 25 000€\nCertifications obtenues: ISO 14001, ISO 26000\nObjectifs 2026: Neutralité carbone d'ici 2030","RAPPORT","rapport annuel csr,période,engagements rse,réduction co2,emploi local,formation continue,dons associations,certifications,iso 14001,iso 26000,objectifs,neutralité carbone",0.96
133,"LETTRE DE RECOMMANDATION PROFESSIONNELLE\nÀ l'attention des futurs employeurs\nJe soussigné, Directeur Technique de Tech Innovations, recommande chaleureusement M. Antoine Dubois pour ses compétences exceptionnelles en développement logiciel.\nExpérience: 5 ans dans notre entreprise\nSpécialités: Cloud computing, cybersécurité\nDisponibilité: Immédiate\nContact: direction@techinnovations.fr\nFait à Paris le 06 avril 2026","CV_LETTRE","lettre recommandation professionnelle,attention,futurs employeurs,directeur technique,compétences exceptionnelles,développement logiciel,expérience,spécialités,cloud computing,cybersécurité,disponibilité,contact,fait à",0.97
134,"THÈSE DE DOCTORAT EN SOCIOLOGIE\nTitre: 'Transformations urbaines et inégalités sociales'\nAuteur: Dr. Claire Martin\nUniversité: EHESS\nDirecteur: Prof. Marc Laurent\nDate de soutenance: 01 avril 2026\nJury: 6 membres\nRésumé: Étude longitudinale sur 10 ans des dynamiques urbaines parisiennes...","ACADEMIQUE","thèse doctorat sociologie,titre,auteur,université,ehess,directeur,date soutenance,jury,membres,résumé,étude longitudinale,dynamiques urbaines,parisiennes",0.99
135,"ACTE DE MARIAGE\nCélébré à la Mairie du 8ème arrondissement\nDate: 07 avril 2026\nÉpoux: Jean Martin\nÉpouse: Sophie Dubois\nTémoins:\n- M. Pierre Bernard\n- Mme Élise Laurent\nCélébrant: Mme le Maire Claire Moreau\nCachet officiel de la mairie","JURIDIQUE","acte mariage,mairie,8ème arrondissement,date,époux,épouse,témoins,célébrant,maire,cachet officiel",0.95
136,"DIAGRAMME ENTITÉ-RELATION\nBase de données: Gestion commerciale\nEntités:\n- Client\n  + attributs: id, nom, email\n- Commande\n  + attributs: numéro, date, montant\n- Produit\n  + attributs: référence, nom, prix\nRelations:\n- Client passe Commande (1:N)\n- Commande contient Produit (N:M)\nCardinalités: 0..N, 1..1","DIAGRAMME","diagramme entité-relation,base données,gestion commerciale,entités,client,commande,produit,attributs,id,nom,email,numéro,date,montant,référence,prix,relations,cardinalités",0.94
137,"FACTURE N°2026-015\nDate: 08/04/2026\nClient: SARL Conseil Financier\nSIRET: 78901234567890\nMontant HT: 2800,00€\nTVA 20%: 560,00€\nMontant TTC: 3360,00€\nNet à payer: 3360,00€\nIBAN: FR95XXXXXXXXXXXXXXX\nBIC: MMMMMMMM\nDate d'échéance: 22/04/2026","FACTURE","facture,date,client,siret,montant ht,tva 20%,montant ttc,net à payer,iban,bic,date d'échéance",0.95
138,"TICKET DE CAISSE\nMagasin: Boulangerie du Centre\nDate: 09/04/2026 08:15\nArticles:\n- Baguette tradition: 1,10€\n- Croissant: 1,20€\n- Pain au chocolat: 1,40€\n- Tarte aux pommes: 3,50€\nTotal TTC: 7,20€\nMoyen de paiement: Espèces\nMerci de votre fidélité !","RECU","ticket de caisse,magasin,date,baguette tradition,croissant,pain chocolat,tarte pommes,total ttc,espèces,merci",0.93
139,"CONTRAT DE TRAVAIL TEMPORAIRE\nEntre:\n- Entreprise utilisatrice: Hôtel de Paris\n- Entreprise de travail temporaire: Interim Pro\n- Salarié intérimaire: Mme Sophie Bernard\nPoste: Réceptionniste\nDurée: 2 mois (15 avril-15 juin 2026)\nSalaire: 1800€ brut/mois\nFait à Paris le 10 avril 2026","CONTRAT","contrat travail temporaire,entreprise utilisatrice,entreprise travail temporaire,salarié intérimaire,poste,réceptionniste,durée,salaire,fait à",0.96
140,"BON DE COMMANDE N°BC-2026-059\nDate: 11/04/2026\nRéférence client: CLT-123\nAdresse de livraison:\n20 avenue de la République, 75011 Paris\nMode d'expédition: Livraison standard\nArticles commandés:\n- 1x Table de réunion 8 places\n- 8x Chaises ergonomiques\n- 1x Tableau blanc interactif\nNombre de colis: 3","BON_COMMANDE","bon de commande,date,référence client,adresse de livraison,mode d'expédition,articles bureau,table réunion,chaises ergonomiques,tableau blanc interactif,colis",0.92
141,"CERTIFICAT DE VACCINATION\nDélivré par le Centre de Santé\nDate: 12/04/2026\nPatient: M. Jean Dupont\nVaccins administrés:\n- COVID-19 (rappel)\n- Grippe saisonnière\n- Diphtérie-Tétanos\nProchain rendez-vous: 12/04/2027\nCachet et signature du médecin","MEDICAL","certificat vaccination,centre santé,date,patient,vaccins administrés,covid-19,grippe saisonnière,diphtérie-tétanos,prochain rendez-vous,cachet,signature,médecin",0.98
142,"RAPPORT DE MISSION CONSULTING\nClient: Groupe Industriel SA\nPériode: Mars-Avril 2026\nMission: Optimisation processus de production\nConstatations:\n- Gains potentiels: 15% productivité\n- Investissements nécessaires: 120 000€\nROI: 18 mois\nRecommandations: Automatisation lignes 2 et 3\nDate rapport: 13 avril 2026","RAPPORT","rapport mission consulting,client,période,mission,optimisation processus production,constatations,gains potentiels,productivité,investissements nécessaires,roi,recommandations,automatisation,date rapport",0.97
143,"LETTRE DE LICENCIEMENT COLLECTIF\nÀ l'attention des salariés concernés\nSociété: Industries Mécaniques SA\nObjet: Plan de sauvegarde de l'emploi\nMadame, Monsieur,\nEn raison de difficultés économiques, nous devons procéder à un PSE affectant 25 postes.\nVotre poste est concerné à compter du 01/07/2026.\nIndemnités: Calcul selon ancienneté + prime spécifique\nAccompagnement: Cellule de reclassement mise en place\nFait à Lyon le 14 avril 2026","CV_LETTRE","lettre licenciement collectif,attention,salariés concernés,société,objet,plan sauvegarde emploi,difficultés économiques,pse,postes,indemnités,ancienneté,prime spécifique,accompagnement,cellule reclassement,fait à",0.96
144,"PUBLICATION DANS REVUE À COMITÉ DE LECTURE\nTitre: 'Nouveaux matériaux supraconducteurs'\nAuteurs: Dr. Pierre Martin, Dr. Élise Bernard\nRevue: Physical Review Letters\nVolume: 128, Numéro 4\nDate: Avril 2026\nDOI: 10.1103/PhysRevLett.128.047001\nRésumé: Découverte de matériaux supraconducteurs à température ambiante...","ACADEMIQUE","publication revue comité lecture,titre,auteurs,revue,physical review letters,volume,numéro,date,doi,résumé,découverte,matériaux supraconducteurs,température ambiante",0.99
145,"DÉCISION DE GARDE D'ENFANTS\nAffaire: Fam-2026-045\nParties:\n- Père: M. Jean Dupont\n- Mère: Mme Sophie Martin\nEnfants: Léa (8 ans), Thomas (6 ans)\nDécision: Garde alternée (1 semaine/1 semaine)\nPensions alimentaires: 300€/mois/enfant\nDroit de visite: Week-ends 1 sur 2\nDate: 15 avril 2026","JURIDIQUE","décision garde enfants,affaire,parties,père,mère,enfants,garde alternée,pensions alimentaires,droit visite,date",0.94
146,"DIAGRAMME DE PERT\nProjet: Construction bâtiment\nDurée totale: 18 mois\nTâches critiques:\n- Fondations: 2 mois\n- Structure: 4 mois\n- Façade: 3 mois\n- Intérieur: 5 mois\nMarge libre: Tâches non critiques ont 15-30 jours de marge\nDate début: 01/05/2026\nDate fin prévue: 01/11/2027","DIAGRAMME","diagramme pert,projet,construction bâtiment,durée totale,tâches critiques,fondations,structure,façade,intérieur,marge libre,tâches non critiques,date début,date fin prévue",0.93
147,"FACTURE N°2026-016\nDate: 16/04/2026\nClient: SARL Marketing Digital\nSIRET: 89012345678901\nMontant HT: 1950,00€\nTVA 20%: 390,00€\nMontant TTC: 2340,00€\nNet à payer: 2340,00€\nIBAN: FR96XXXXXXXXXXXXXXX\nBIC: NNNNNNNN\nDate d'échéance: 30/04/2026","FACTURE","facture,date,client,siret,montant ht,tva 20%,montant ttc,net à payer,iban,bic,date d'échéance",0.96
148,"TICKET DE CAISSE\nMagasin: Casino Supermarché\nDate: 17/04/2026 15:45\nArticles:\n- Steak haché: 4,80€\n- Pommes de terre: 2,50€\n- Salade: 1,80€\n- Vin rouge: 7,50€\nTotal TTC: 16,60€\nMoyen de paiement: Carte bancaire\nMerci pour vos achats !","RECU","ticket de caisse,magasin,date,steak haché,pommes terre,salade,vin rouge,total ttc,carte bancaire,merci",0.91
149,"CONTRAT DE LOCATION MEUBLÉE\nEntre:\n- Bailleur: Mme Claire Dubois\n- Locataire: M. Antoine Martin\nAdresse: Studio 25m², 18 rue des Écoles, 75005 Paris\nDurée: 1 an (01/05/2026-30/04/2027)\nLoyer: 950€/mois charges comprises\nDépôt de garantie: 950€\nInventaire: État des lieux d'entrée joint\nFait à Paris le 18 avril 2026","CONTRAT","contrat location meublée,bailleur,locataire,adresse,studio,durée,loyer,charges comprises,dépôt garantie,inventaire,état lieux entrée,fait à",0.97
150,"BON DE COMMANDE N°BC-2026-060\nDate: 19/04/2026\nRéférence client: CLT-234\nAdresse de livraison:\n30 rue de Rivoli, 75004 Paris\nMode d'expédition: Livraison express\nArticles commandés:\n- 5x Écrans 27 pouces\n- 5x Claviers mécaniques\n- 5x Souris gaming\nNombre de colis: 2","BON_COMMANDE","bon de commande,date,référence client,adresse de livraison,mode d'expédition,articles informatique,écrans 27 pouces,claviers mécaniques,souris gaming,colis",0.93
151,"ATTESTATION EMPLOYEUR\nDélivrée par SARL Informatique Pro\nDate: 20/04/2026\nSalarié: M. Thomas Bernard\nAncienneté: 3 ans 6 mois\nPoste: Développeur web\nSalaire: 3200€ brut/mois\nMotif départ: Démission volontaire\nCachet et signature","ADMINISTRATIF","attestation employeur,société,date,salarié,ancienneté,poste,développeur web,salaire,motif départ,démission volontaire,cachet,signature",0.92
152,"RAPPORT D'ÉVALUATION\nÉvalué: Mme Sophie Martin\nPoste: Chef de produit\nPériode: Janvier-Décembre 2025\nObjectifs atteints: 95%\nCompétences techniques: Excellent\nCompétences managériales: Très bon\nPerspectives: Évolution vers directrice de division\nDate: 21/04/2026","RAPPORT","rapport évaluation,évalué,poste,chef produit,période,objectifs atteints,compétences techniques,compétences managériales,perspectives,évolution,directrice division,date",0.95
153,"LETTRE D'AVERTISSEMENT\nÀ l'attention de Monsieur Jean Dupont\nSociété: Services Techniques SA\nObjet: Retards répétés\nMonsieur,\nVos retards répétés (5 fois en mars) perturbent le fonctionnement de l'équipe.\nCet avertissement est conservé dans votre dossier personnel.\nToute récidive entraînera des mesures disciplinaires.\nVeuillez respecter vos horaires.\nFait à Paris le 22 avril 2026","CV_LETTRE","lettre avertissement,attention,société,objet,retards répétés,perturbent fonctionnement,équipe,avertissement,dossier personnel,récidive,mesures disciplinaires,respecter horaires,fait à",0.94
154,"THÈSE DE MASTER EN DROIT\nTitre: 'Protection des données personnelles'\nAuteur: M. Antoine Laurent\nUniversité: Panthéon-Sorbonne\nMention: Très Bien\nDate: 15 avril 2026\nDirecteur: Prof. Élise Dubois\nRésumé: Analyse critique du RGPD et de son application...","ACADEMIQUE","thèse master droit,titre,auteur,université,panthéon-sorbonne,mention,très bien,date,directeur,résumé,analyse critique,rgpd,application",0.96
155,"JUGEMENT DE DIVORCE\nAffaire: Fam-2026-078\nParties:\n- Époux: M. Jean Martin\n- Épouse: Mme Sophie Dubois\nDécision: Divorce accepté par consentement mutuel\nGarde enfants: Alternée\nPrestation compensatoire: 50 000€\nDate: 23 avril 2026\nSigné par le Juge aux Affaires Familiales","JURIDIQUE","jugement divorce,affaire,parties,époux,épouse,décision,divorce accepté,consentement mutuel,garde enfants,alternée,prestation compensatoire,date,juge affaires familiales",0.97
156,"SCHEMA ARCHITECTURE LOGICIEL\nApplication: Système bancaire\nNiveaux:\n- Présentation: Web, mobile\n- Application: Microservices\n- Données: Base de données, cache\nTechnologies:\n- Frontend: React, Angular\n- Backend: Java, Spring Boot\n- Base: PostgreSQL, MongoDB\nSécurité: OAuth2, chiffrement AES","DIAGRAMME","schema architecture logiciel,application,système bancaire,niveaux,présentation,web,mobile,application,microservices,données,base données,cache,technologies,frontend,backend,base,sécurité",0.95
157,"FACTURE N°2026-017\nDate: 24/04/2026\nClient: SAS Conseil Stratégique\nSIRET: 90123456789012\nMontant HT: 4500,00€\nTVA 20%: 900,00€\nMontant TTC: 5400,00€\nNet à payer: 5400,00€\nIBAN: FR97XXXXXXXXXXXXXXX\nBIC: OOOOOOOO\nDate d'échéance: 08/05/2026","FACTURE","facture,date,client,siret,montant ht,tva 20%,montant ttc,net à payer,iban,bic,date d'échéance",0.96
158,"TICKET DE CAISSE\nMagasin: Monoprix Italie\nDate: 25/04/2026 12:10\nArticles:\n- Saumon fumé: 8,90€\n- Fromage de chèvre: 5,20€\n- Baguette: 0,95€\n- Mousse au chocolat: 3,50€\nTotal TTC: 18,55€\nMoyen de paiement: Carte bancaire\nMerci de votre visite !","RECU","ticket de caisse,magasin,date,saumon fumé,fromage chèvre,baguette,mousse chocolat,total ttc,carte bancaire,merci",0.93
159,"CONTRAT D'ASSURANCE VIE\nEntre:\n- Assureur: AXA France\n- Assuré: M. Jean Dupont\nType: Assurance vie entière\nCapital: 150 000€\nPrime annuelle: 1200€\nBénéficiaires: Ses enfants\nDurée: Vitalice\nDate: 26 avril 2026","CONTRAT","contrat assurance vie,assureur,assuré,type,assurance vie entière,capital,prime annuelle,bénéficiaires,enfants,durée,vitalice,date",0.98
160,"BON DE COMMANDE N°BC-2026-061\nDate: 27/04/2026\nRéférence client: CLT-345\nAdresse de livraison:\n25 boulevard Haussmann, 75008 Paris\nMode d'expédition: Livraison standard\nArticles commandés:\n- 3x Canapés d'angle\n- 2x Tables basses\n- 4x Fauteuils design\nNombre de colis: 5","BON_COMMANDE","bon de commande,date,référence client,adresse de livraison,mode d'expédition,articles mobilier,canapés angle,tables basses,fauteuils design,colis",0.92
161,"CERTIFICAT DE DÉCÈS\nDélivré par l'État Civil de Paris\nDate: 28/04/2026\nNom: Martin\nPrénoms: Pierre Jean\nDate de naissance: 15/03/1940\nDate de décès: 27/04/2026\nLieu de décès: Hôpital Saint-Louis, Paris\nCause du décès: Défaillance cardiaque\nCachet officiel","ADMINISTRATIF","certificat décès,état civil,date,nom,prénoms,date naissance,date décès,lieu décès,hôpital cause décès,défaillance cardiaque,cachet officiel",0.96
162,"RAPPORT DE SÉCURITÉ INFORMATIQUE\nPériode: Avril 2026\nVulnérabilités détectées: 8\n- 2 critiques\n- 3 importantes\n- 3 mineures\nCorrectifs appliqués: 6/8\nRecommandations:\n- Mise à jour systèmes\n- Formation phishing\n- Audit mensuel\nNiveau de risque: Moyen","RAPPORT","rapport sécurité informatique,période,vulnérabilités détectées,critiques,importantes,mineures,correctifs appliqués,recommandations,mise à jour systèmes,formation phishing,audit mensuel,niveau risque",0.97
163,"LETTRE DE FÉLICITATIONS CLIENT\nÀ l'attention de Madame Marie Bernard\nSociété: Services Premium\nObjet: Satisfaction client exceptionnelle\nMadame,\nNous vous remercions pour votre fidélité et vos retours positifs.\nEn reconnaissance, nous vous offrons un bon d'achat de 100€ valable sur notre site.\nCode: MERCI100\nValable jusqu'au 31/0","CONTACT","contact",0.8
164,"THÈSE DE DOCTORAT EN MÉDECINE\nTitre: 'Nouvelles thérapies contre le cancer'\nAuteur: Dr. Sophie Martin\nUniversité: Sorbonne Université\nDirecteur: Prof. Jean Dubois\nDate: 20 avril 2026\nJury: 7 membres\nRésumé: Étude clinique sur 500 patients...","ACADEMIQUE","thèse doctorat médecine,titre,auteur,université,directeur,date,jury,résumé,étude clinique,patients",0.99
165,"ACTE DE VENTE IMMOBILIER\nParties:\n- Vendeur: SCI Immobilier Paris\n- Acheteur: M. Antoine Bernard\nBien: Appartement 85m²\nAdresse: 20 rue de la Paix, 75002 Paris\nPrix: 750 000€\nDate: 29 avril 2026\nNotaire: Maître Claire Martin\nCachet et signatures","JURIDIQUE","acte vente immobilier,parties,vendeur,acheteur,bien,appartement,adresse,prix,date,notaire,cachet,signatures",0.97
166,"DIAGRAMME DE CLASSES DÉTAILLÉ\nSystème: Gestion RH\nClasses:\n- Employe\n  + attributs: id, nom, prenom, salaire\n  + méthodes: calculerSalaire(), calculerPrime()\n- Departement\n  + attributs: nom, budget\n  + méthodes: ajouterEmploye(), budgetRestant()\nRelations:\n- Composition (1:N)\n- Héritage (Cadre -> Employe)","DIAGRAMME","diagramme classes détaillé,système,gestion rh,classes,employe,attributs,méthodes,département,relations,composition,héritage",0.96
167,"FACTURE N°2026-018\nDate: 30/04/2026\nClient: SARL Juridique Conseil\nSIRET: 01234567890123\nMontant HT: 3200,00€\nTVA 20%: 640,00€\nMontant TTC: 3840,00€\nNet à payer: 3840,00€\nIBAN: FR98XXXXXXXXXXXXXXX\nBIC: PPPPPPPP\nDate d'échéance: 14/05/2026","FACTURE","facture,date,client,siret,montant ht,tva 20%,montant ttc,net à payer,iban,bic,date d'échéance",0.95
168,"TICKET DE CAISSE\nMagasin: Carrefour Market Italie\nDate: 01/05/2026 14:20\nArticles:\n- Poulet rôti: 6,50€\n- Riz basmati: 2,80€\n- Légumes surgelés: 3,20€\n- Yaourt grec: 2,50€\nTotal TTC: 15,00€\nMoyen de paiement: Carte bancaire\nMerci !","RECU","ticket de caisse,magasin,date,poulet rôti,riz basmati,légumes surgelés,yaourt grec,total ttc,carte bancaire,merci",0.92
169,"CONTRAT DE PRESTATION DE SERVICES\nEntre:\n- Client: Banque Nationale\n- Prestataire: CyberSecurity Pro\nObjet: Audit sécurité informatique\nDurée: 1 mois (mai 2026)\nPrix: 15 000€ HT\nConfidentialité: NDA signé\nLivrables: Rapport détaillé + recommandations\nDate: 02 mai 2026","CONTRAT","contrat prestation services,client,prestataire,objet,audit sécurité informatique,durée,prix,confidentialité,nda,livrables,rapport détaillé,recommandations,date",0.97
170,"BON DE COMMANDE N°BC-2026-062\nDate: 03/05/2026\nRéférence client: CLT-456\nAdresse de livraison:\n40 rue Saint-Honoré, 75001 Paris\nMode d'expédition: Livraison express\nArticles commandés:\n- 1x Serveur rack 2U\n- 2x Switches réseau\n- 1x Routeur sécurisé\nNombre de colis: 2","BON_COMMANDE","bon de commande,date,référence client,adresse de livraison,mode d'expédition,articles informatique,serveur rack,switches réseau,routeur sécurisé,colis",0.94
171,"ATTESTATION PÔLE EMPLOI\nDélivrée par Pôle Emploi Paris\nDate: 04/05/2026\nDemandeur: M. Jean Dupont\nNuméro: PE-78901234\nSituation: Demande d'emploi\nDroit aux allocations: Oui\nMontant mensuel: 950€\nDurée: 12 mois\nCachet et signature","ADMINISTRATIF","attestation pôle emploi,date,demandeur,numéro,situation,demande emploi,droit allocations,montant mensuel,durée,cachet,signature",0.93
172,"RAPPORT DE MISSION AUDIT\nClient: Groupe Financier International\nPériode: Avril 2026\nAudit: Conformité RGPD\nConstatations:\n- Conformité globale: 85%\n- Points critiques: Gestion consentements\nRecommandations:\n- Mise à jour politiques\n- Formation DPD\n- Audit trimestriel\nDate: 05/05/2026","RAPPORT","rapport mission audit,client,période,audit,conformité rgpd,constatations,conformité globale,points critiques,gestion consentements,recommandations,mise à jour politiques,formation dpd,audit trimestriel,date",0.96
173,"LETTRE DE DÉMÉNAGEMENT\nÀ l'attention de Madame la Directrice\nSociété: Services Administratifs\nObjet: Changement d'adresse\nMadame,\nJe vous informe de mon changement d'adresse à compter du 15 mai 2026.\nNouvelle adresse: 25 avenue Victor Hugo, 75016 Paris\nTéléphone: 01 45 67 89 10\nEmail: jean.dupont@email.com\nVeuillez mettre à jour vos fichiers.\nCordialement,\nJean Dupont","CV_LETTRE","lettre déménagement,directrice,société,objet,changement adresse,comptant,nouvelle adresse,téléphone,email,mise à jour fichiers,cordialement",0.91
174,"COMMUNICATION CONGRÈS\nTitre: 'Intelligence artificielle explicable'\nAuteur: Dr. Antoine Martin\nCongrès: IA International 2026\nDate: 10 mai 2026\nLieu: Palais des Congrès, Paris\nDurée: 30 minutes\nSupport: Présentation disponible\nRésumé: Méthodes d'explication des modèles d'IA...","ACADEMIQUE","communication congrès,titre,auteur,congrès,date,lieu,palais congrès,durée,support,résumé,intelligence artificielle explicable,méthodes,modèles",0.95
175,"ORDONNANCE DE PAYMENT\nAffaire: RG 2026-078\nParties:\n- Demandeur: SARL Fournisseur\n- Défendeur: SARL Client\nMontant: 12 500€\nIntérêts: 5% par an\nDélai: Paiement sous 15 jours\nDate: 06 mai 2026\nSigné par le Juge des Référés","JURIDIQUE","ordonnance payment,affaire,parties,demandeur,défendeur,montant,intérêts,délai,paiement,juge référés",0.94
176,"DIAGRAMME DE SÉQUENCE DÉTAILLÉ\nScénario: Paiement en ligne\nActeurs:\n- Client\n- Serveur web\n- Passerelle paiement\n- Banque\nSéquence:\n1. Client choisit produit\n2. Serveur vérifie stock\n3. Client entre coordonnées bancaires\n4. Passerelle chiffre données\n5. Banque autorise transaction\n6. Confirmation envoyée","DIAGRAMME","diagramme séquence détaillé,scénario,paiement en ligne,acteurs,client,serveur web,passerelle paiement,banque,séquence,choisit produit,vérifie stock,coordonnées bancaires,chiffre données,autorise transaction,confirmation",0.95
177,"FACTURE N°2026-019\nDate: 07/05/2026\nClient: SARL Architecture Intérieure\nSIRET: 12345678901234\nMontant HT: 2750,00€\nTVA 20%: 550,00€\nMontant TTC: 3300,00€\nNet à payer: 3300,00€\nIBAN: FR99XXXXXXXXXXXXXXX\nBIC: QQQQQQQQ\nDate d'échéance: 21/05/2026","FACTURE","facture,date,client,siret,montant ht,tva 20%,montant ttc,net à payer,iban,bic,date d'échéance",0.96
178,"TICKET DE CAISSE\nMagasin: Franprix Sébastopol\nDate: 08/05/2026 11:45\nArticles:\n- Pâtes fraîches: 1,80€\n- Sauce pesto: 2,50€\n- Grana Padano: 4,20€\n- Vin italien: 9,50€\nTotal TTC: 18,00€\nMoyen de paiement: Espèces\nMerci !","RECU","ticket de caisse,magasin,date,pâtes fraîches,sauce pesto,grana padano,vin italien,total ttc,espèces,merci",0.91
179,"CONTRAT DE CDD COURT TERME\nEntre:\n- Employeur: SARL Événementielle\n- Employé: Mme Claire Bernard\nPoste: Hôtesse d'accueil\nDurée: 15 jours (15-30 mai 2026)\nSalaire: 1050€ brut\nHoraires: 9h-18h avec 1h pause\nFait à Paris le 09 mai 2026","CONTRAT","contrat cdd court terme,employeur,employé,poste,hôtesse accueil,durée,salaire,horaires,heure pause,fait à",0.95
180,"BON DE COMMANDE N°BC-2026-063\nDate: 10/05/2026\nRéférence client: CLT-567\nAdresse de livraison:\n35 rue de la République, 69002 Lyon\nMode d'expédition: Livraison standard\nArticles commandés:\n- 1x Imprimante multifonction A3\n- 1x Scanner documentaire\n- 1x Destructeur de documents niveau 3\nNombre de colis: 2","BON_COMMANDE","bon de commande,date,référence client,adresse de livraison,mode d'expédition,articles bureau,imprimante multifonction,scanner documentaire,destructeur documents,colis",0.93
181,"CERTIFICAT MÉDICAL EXAMEN PÉRIODIQUE\nDélivré par le Dr. Laurent\nDate: 11/05/2026\nSalarié: M. Thomas Martin\nPoste: Conducteur poids lourd\nAvis: Aptitude totale\nRestrictions: Aucune\nValidité: 2 ans\nCachet et signature du médecin du travail","MEDICAL","certificat médical examen périodique,médecin,date,salarié,poste,conducteur poids lourd,avis,aptitude totale,restrictions,aucune,validité,cachet,signature,médecin travail",0.97
182,"RAPPORT DE PERFORMANCE TRIMESTRIEL\nPériode: T1 2026\nChiffre d'affaires: 2 450 000€ (+8% vs N-1)\nRésultat net: 350 000€\nMarge: 14,3%\nEffectif: 42 salariés\nSatisfaction client: 4,2/5\nObjectifs T2:\n- Croissance marché européen\n- Lancement nouveau produit\n- Optimisation coûts","RAPPORT","rapport performance trimestriel,période,t1 2026,chiffre affaires,croissance,résultat net,marge,effectif,satisfaction client,objectifs,t2,croissance marché européen,lancement nouveau produit,optimisation coûts",0.96
183,"LETTRE DE RELANCE PAIEMENT\nÀ l'attention de Madame la Comptabilité\nSociété: Fournitures Bureau SA\nObjet: Facture impayée N°2026-045\nMadame,\nNotre facture du 15 avril 2026 d'un montant de 1250€ n'est toujours pas réglée.\nMerci de régulariser sous 5 jours ouvrés.\nEn cas de non-paiement, nous engagerons des poursuites.\nCordialement,\nService recouvrement","CV_LETTRE","lettre relance paiement,comptabilité,société,objet,facture impayée,montant,non réglée,régulariser,5 jours ouvrés,poursuites,cordialement,service recouvrement",0.94
184,"THÈSE DE MASTER EN HISTOIRE\nTitre: 'Révolutions sociales du XIXe siècle'\nAuteur: Mme Élise Dubois\nUniversité: Paris 1 Panthéon-Sorbonne\nMention: Bien\nDate: 05 mai 2026\nDirecteur: Prof. Marc Bernard\nRésumé: Analyse comparative des révolutions de 1830, 1848 et 1871...","ACADEMIQUE","thèse master histoire,titre,auteur,université,mention,bien,date,directeur,résumé,analyse comparative,révolutions,sociales,xixe siècle",0.95
185,"DÉCISION DE LICENCIEMENT\nAffaire: TGI-2026-089\nParties:\n- Employeur: SARL Industrielle\n- Salarié: M. Jean Martin\nMotif: Faute grave (absences injustifiées)\nDécision: Licenciement sans préavis\nIndemnités: Aucune\nDate: 12 mai 2026\nSigné par le Conseil de Prud'hommes","JURIDIQUE","décision licenciement",0.8
186,"NO. 0000354 DATE 01/01/2019\n\nDescription Price Quantity Total\nItem 1 $100 1 $100\nItem 2 $300 1 $300\nItem 3 $500 1 $500\nTotal $900\nBILLED TO PAYMENT DETAILS\nJon Smith Account: 04USDLR023400545064\n\n6701 Mesquite Ct\nHeights, Maryland(MD), 20747 Due Date: 02/01/2019","FACTURE","invoice,due date,billed to,total,price,quantity,account",0.98

